﻿<?xml version="1.0" encoding="UTF-8"?>
<!DOCTYPE mapper
    PUBLIC "-//mybatis.org//DTD Mapper 3.0//EN"
    "http://mybatis.org/dtd/mybatis-3-mapper.dtd">

<mapper namespace="lib.member.model.MemberDAO">

	<insert id="memberjoin" parameterType="lib.member.model.MemberDTO">
		insert into member(mem_id,mem_pw,mem_name,mem_jumin,mem_address,mem_phone,mem_email,mem_address_number) values (#{mem_id},#{mem_pw},#{mem_name},#{mem_jumin},#{mem_address},#{mem_phone},#{mem_email},#{mem_address_number})
	</insert>
	
	<!-- 중복확인 -->
	<select id="memberSearchIDCount" parameterType="lib.member.model.MemberDTO" resultType="Integer">
		select count(*) from member where mem_id = #{mem_id}
	</select>
	
	<!-- 회원로그인 -->
	<select id="memberCount" parameterType="lib.member.model.MemberDTO" resultType="Integer">
		select count(*) from member where mem_id = #{mem_id} and mem_pw = #{mem_pw}
	</select>
	
	<!-- 회원로그인 -->
	<select id="memberLogin" parameterType="lib.member.model.MemberDTO" resultType="lib.member.model.MemberDTO">
		select * from member where mem_id = #{mem_id} and mem_pw = #{mem_pw}
	</select>
	
	<!-- 회원정보변경 -->
	<update id="memberUpdate" parameterType="lib.member.model.MemberDTO" >
		update member set mem_pw=#{mem_pw}, mem_address=#{mem_address}, mem_phone=#{mem_phone}, mem_email=#{mem_email}, mem_address_number=#{mem_address_number} where mem_id = #{mem_id}
	</update>
	
	<!-- 권한변경 -->
	<update id="memberRankUpdate" parameterType="lib.member.model.MemberDTO">
		update member set mem_rank = #{mem_rank} where mem_id = #{mem_id}
	</update>

	<!-- 리스트(selectAll) -->
	<select id="memberSelectAll" 
		resultType="lib.member.model.MemberDTO">
		select * from member
	</select>

	<!-- 전체 검색 -->
	<select id="memberSearchAll"
		resultType="lib.member.model.MemberDTO">
		select * from (select * from member where mem_id like #{searchWord} or mem_name like #{searchWord} or mem_phone like #{searchWord} or mem_email like #{searchWord})
	</select>
	
	<!-- id 검색 -->
	<select id="memberSearchID" resultType="lib.member.model.MemberDTO">
		select * from member where mem_id like #{searchWord}
	</select>

	<!-- 이름 검색 -->
	<select id="memberSearchName" resultType="lib.member.model.MemberDTO">
		select * from member where mem_name like #{searchWord}
	</select>
	
	<!-- 페이징 -->
	<select id="select" resultType="lib.member.model.MemberDTO" parameterType="int">
	<![CDATA[
		select * from (select rownum r, mem_id, mem_pw, mem_name, mem_jumin, mem_address, mem_phone, mem_email, mem_rank, mem_address_number from member) where r > #{ startRowNum } and r < #{ endRowNum }
	]]>
	</select>
	
	<select id="selectRowNum" resultType="int">
		select nvl(max(rnum),0) from (select rownum rnum, mem_id from member) member
	</select>

</mapper>



